,Eth,Glu
FLC2,1,1
FUN30,1,0
CYS3,1,1
EFB1,1,1
YAT1,1,1
PHO11,1,0
ACS1,1,1
ATS1,1,0
SSA1,1,1
PRP21,1,1
ECM25,1,1
RPL39,2,0
RPL17B,1,1
ERG20,1,1
DAS1,2,2
IDS2,1,1
RPB4,1,1
MRS3,1,1
YJL118W,1,1
PHO86,1,1
ASF1,1,1
SET4,0,1
PAM16,1,0
LSB6,1,1
ARG3,1,0
NET1,1,1
TDH1,2,2
CHM7,1,1
MHP1,1,1
RNR2,1,1
MPP10,1,1
MHO1,2,2
TMA22,1,1
YJR015W,1,1
LSM8,1,0
CYC1,2,1
PTK2,1,1
MOG1,2,2
HOC1,2,2
BNA2,1,1
RPL43B,1,1
SFC1,1,1
URA8,1,1
ADO1,1,1
YJR115W,1,3
TDA4,0,1
ATP2,1,1
IBA57,1,1
XPT1,1,1
IML1,1,1
HMS2,1,1
DAL5,1,0
NUC1,0,1
RPS22A,2,0
ATG27,1,1
SET2,1,1
JJJ2,0,1
CIS3,1,1
INO1,3,3
SNA3,3,3
MRX5,1,1
YAK1,1,1
DPI8,1,1
NCA3,1,1
GSH1,1,1
GWT1,1,1
PRY3,1,1
UBX6,1,1
YJL047C-A,1,1
VTC4,1,1
SPC1,0,1
YJR011C,0,1
ESS1,1,1
TES1,3,2
REC107,1,0
ANB1,2,1
APS2,1,1
NPA3,2,2
OPI3,2,2
MIR1,1,1
VPS25,1,1
SOD1,1,1
RSM7,1,3
RSF2,2,2
MET5,1,1
HOM6,1,1
RPS4A,1,1
DAN4,1,0
JEN1,1,1
UBA1,0,1
FAS1,2,2
RPL17A,1,0
LTV1,1,1
YPK1,1,1
OAC1,1,1
HAP4,1,1
CWP2,2,2
CWP1,1,1
TEF4,1,1
YKL068W-A,2,2
MSN4,1,1
MMO1,1,1
RGT1,1,1
UGP1,1,1
TCD2,1,0
CAP1,1,1
MEH1,0,1
RSC4,0,1
PRY2,1,1
GAP1,2,1
TRM2,1,0
AIM29,0,1
PTR2,1,1
MLP1,1,0
PCC1,1,1
ESL2,1,1
SIR1,1,1
TRP3,0,1
MNN4,2,2
PTK1,1,1
PIR1,1,1
GPM1,0,1
RPC25,1,1
PMU1,1,1
KTI12,1,1
RRP14,1,1
FBA1,1,1
IXR1,2,2
MAE1,1,0
URB1,1,1
LAC1,1,1
MET14,1,0
YKR011C,1,1
MRS4,0,1
SIS2,0,1
RPL40B,1,0
SKG1,1,1
YLL058W,2,2
YCT1,1,2
TPO1,2,2
PAU17,1,1
LOT6,1,1
PSR2,1,1
RPS0B,1,1
GEP5,1,1
SUL2,1,1
AHP1,1,1
YLR112W,4,3
HOG1,3,3
CFT2,1,1
CKI1,1,2
RRN5,1,1
PUT1,1,1
YLR173W,1,0
IDP2,1,1
CBF5,1,0
PEX13,1,1
ENT2,1,1
THI7,2,2
YEF3,1,1
MCP2,1,1
HAP1,1,1
YLR257W,1,0
GSY2,1,1
YLR283W,2,2
NNT1,1,0
YLR297W,1,1
ECM38,1,1
EXG1,2,2
HRI1,1,1
MET17,1,1
CDA2,1,0
YLR326W,2,2
NMA1,2,1
MID2,1,1
NUP2,1,1
FKS1,1,1
LUG1,2,2
BUD8,1,0
ATG33,1,1
ROM2,1,1
ELO3,1,1
STP3,1,1
CSR1,2,2
VAC14,1,1
RPS29A,1,1
ECM19,1,1
CCW14,1,1
SFP1,2,2
YLR407W,1,2
VPS36,1,1
CAR2,2,2
RPL6B,2,2
GTT2,1,1
AQY2,1,1
UBI4,1,1
DPS1,1,1
TEN1,1,1
POM34,1,1
IZH3,1,1
SMF3,1,1
PDC1,2,2
MEF1,1,1
RFU1,1,0
NYV1,1,0
GIS3,1,1
YLR108C,1,1
CCW12,3,2
AVL9,1,1
YPS3,1,0
USB1,1,2
SLS1,1,1
YLR152C,1,1
ACS2,1,1
RNH203,1,1
UPS2,1,1
APS1,1,1
DPH5,1,0
HMX1,1,1
ADY4,1,1
NDL1,1,1
YLR278C,2,2
RSO55,2,2
ECI1,1,0
CTS1,1,0
YHC1,1,1
ACO1,1,1
YLR307C-A,1,0
RPL38,1,1
TMA10,3,2
RPS25B,1,1
CIS1,1,1
KAP95,1,1
NIT3,1,1
TAL1,1,1
ILV5,1,1
ARC18,1,1
VID22,1,1
FBP1,1,1
SEC61,2,2
IKI3,1,1
SWC7,1,1
REH1,1,1
STE23,1,1
BDF1,1,1
DUS3,2,2
RPL31B,1,2
PUN1,1,1
DIF1,2,2
VMA6,2,2
YLR460C,1,1
GTR1,1,1
YML119W,1,1
URA5,1,1
CAC2,1,1
TSL1,1,2
UFO1,2,2
RPS1B,1,1
HUG1,1,1
SML1,1,1
CMP2,1,1
TSA1,1,1
YOX1,1,1
RPS17A,1,1
PSP2,1,1
YML003W,0,2
MIX17,1,0
ADI1,2,2
ANY1,1,1
HXT2,2,2
BUD22,0,1
RSF1,1,1
ARG80,2,2
MCM1,3,3
NAT4,2,2
MOT3,2,2
ADH3,1,1
SEG1,1,0
SPG4,2,2
ILV2,1,1
NCW1,2,2
PKR1,1,1
GAT2,2,2
CIN4,1,1
RIM11,1,1
RPS16A,1,1
DDR48,1,1
HSC82,1,1
SPG5,1,1
ICY1,2,2
CLN1,1,1
YHM2,1,1
YMR244W,0,1
FAA4,2,1
HOR7,1,1
YMR262W,1,1
SAP30,2,2
CUE1,1,1
RSN1,1,1
TDA1,1,0
GAS1,1,1
PHO84,1,1
NDI1,1,1
PML39,1,1
NUP188,1,1
CUE4,1,2
RPM2,2,2
HMG1,1,1
TEM1,1,1
NTE1,1,1
CYB2,2,2
YML6,1,1
YML018C,1,1
MRPL39,1,1
GIS4,2,2
GLO1,0,1
CDC5,1,0
PLB2,1,1
PLB1,1,1
ERG5,2,2
FAR8,1,1
MSN2,1,1
CCS1,1,1
ISF1,1,1
RPL15B,2,2
GID8,2,2
PSO2,1,1
RPL13B,1,1
NDE1,3,3
RGM1,1,0
SSO2,1,0
SGS1,1,1
CMC4,2,2
RNT1,1,1
CUS1,1,1
RPL20A,1,1
ZRC1,0,1
COA6,1,1
YMR265C,1,1
AEP2,0,1
RIT1,1,1
HAS1,1,0
ADE4,1,0
ATM1,0,1
YME2,1,1
MRPS18,1,1
CLA4,1,0
PCL1,1,1
POP3,1,0
PRM1,0,1
MET2,2,1
FOL1,1,1
VPS75,1,1
LAP3,1,0
ADE12,1,1
PPN2,1,0
YNL208W,1,1
YNL193W,1,1
CHS1,1,1
UBP10,1,1
RPS3,2,2
RPL42A,1,1
YGP1,1,1
CUZ1,0,1
LSM7,3,2
MFA2,1,1
KRE33,1,2
NRK1,1,1
NAF1,1,0
MET4,4,3
AVT4,1,1
RHO2,1,1
MKS1,1,0
SUN4,1,1
AQR1,2,2
COX5A,2,1
COG5,1,0
YNL046W,1,1
LAP2,1,1
YIP3,2,2
NCE103,1,1
HHF2,1,1
PBI2,1,2
HEF3,0,1
SWM2,1,1
CSE2,1,1
TIM23,2,2
MCK1,1,1
RPS19B,1,0
WSC2,1,0
ERG24,0,1
SIP3,1,1
ZWF1,1,1
NAR1,1,0
PDR16,2,2
POP1,1,1
YNL194C,1,1
RHO5,1,1
NOP13,1,1
PSD1,3,3
FMP41,1,1
NSG2,0,1
PGA2,2,2
ALF1,2,2
YNL144C,1,1
YNL134C,1,1
FYV6,2,3
CPT1,1,1
ESBP6,2,1
LEU4,4,3
RAS2,2,2
PHO23,1,1
EOS1,1,1
TPM1,1,1
POR1,2,1
SLM2,1,1
IDH1,1,1
HHT2,1,1
PET8,1,0
RPC34,1,1
ACC1,2,2
BDS1,1,1
ZPS1,1,1
HRP1,1,1
SKM1,0,1
SHR5,2,3
ZEO1,2,2
YOL107W,1,1
PKH2,1,0
PHM7,1,1
GPD2,1,1
ARG1,2,2
RPP2A,1,1
SMC5,1,1
LAG2,1,1
TAT2,1,1
IRC10,1,0
PLB3,1,1
RCL1,1,1
AUS1,1,1
MCO10,1,2
HST3,1,1
IRC23,0,1
RPL3,1,1
CYT1,2,1
WHI5,2,2
LPX1,2,2
TMA46,1,1
ECM3,2,2
KTR1,1,1
RGS2,3,3
DPI34,0,1
BAG7,0,1
IDH2,1,1
PDR5,1,1
DDP1,1,1
HEM15,1,1
STE4,1,1
WTM1,1,1
IRC13,2,2
PAC1,2,1
YTM1,1,1
MOD5,1,1
YOR289W,1,1
BUD7,2,0
CPA1,3,3
SFG1,1,1
FAA1,2,2
HSH49,2,2
PDR10,1,1
YOR338W,0,1
GDS1,1,1
ALD4,3,3
YOR385W,1,1
TRM11,1,1
RPS19A,1,0
PTH4,0,1
MDY2,2,3
INO4,1,1
IZH4,1,0
MAM3,1,1
DDR2,2,1
SPE2,1,0
RPS15,1,1
MDM38,1,1
MIM1,1,1
DIS3,1,1
CMK2,1,0
HTZ1,1,1
PFA4,1,0
SLG1,0,1
HSP10,1,2
AHC1,1,1
CIN5,1,2
VHS3,1,1
YOR062C,1,1
YNG1,2,1
NRT1,1,1
TGL5,1,1
TCB1,0,1
RKI1,1,0
NUP1,1,1
ATG40,1,1
PNS1,2,0
YRR1,1,1
ALE1,1,1
GSP2,1,1
MGM1,1,1
RPL33B,2,2
DGA1,1,0
ENV9,1,0
SEC63,1,1
HRK1,2,1
FSF1,1,1
TPO4,1,1
MPD1,0,1
MBF1,2,0
SPS4,1,1
COT1,2,1
SNC2,1,1
YOR342C,2,2
TYE7,2,2
PUT4,3,3
GDH1,2,2
SAM3,1,1
ATP15,1,1
MDL2,1,1
BBP1,1,1
HFI1,1,1
NSL1,1,1
SSO1,1,1
FAS2,2,2
FMP40,1,2
FLC1,1,1
MF(ALPHA)1,0,1
SPT14,0,1
DAP1,1,1
CDC60,0,1
ISU1,1,1
RPL5,1,1
SSU1,1,1
YDC1,0,1
RPS9A,1,1
RGL1,2,3
ALD6,1,1
OAZ1,0,1
CAM1,1,1
PMA2,1,1
RMI1,2,2
CTF19,1,1
CIP1,2,2
CHL1,1,1
PDH1,1,1
HAA1,1,1
YME1,2,1
YOP1,1,1
CSR2,1,1
GLN1,2,2
VMA13,1,1
SPO24,2,2
ROX1,1,1
NOT5,0,1
MRPL51,0,1
SNT309,0,1
DBF20,1,0
RGC1,1,1
AXL1,0,1
CTR1,1,1
NCE102,1,1
CUR1,1,1
SMX3,1,1
DPM1,1,1
AQY1,2,2
IMD2,1,0
CLN2,1,1
ATG41,4,4
RPL36B,3,3
GRE1,1,2
NAB3,1,0
CUP9,1,1
TRE1,0,1
OYE3,1,1
YPL162C,1,1
PRM4,1,1
KIP2,1,1
FRK1,1,1
GIP3,1,1
RPS6A,1,1
MOT1,1,1
YPL068C,2,3
HTC1,2,3
SUR1,1,1
LGE1,0,1
KTR6,0,1
DIG1,1,1
SSN3,0,1
MRX11,0,1
EGD1,1,1
SKS1,2,2
VTC3,1,1
IRC15,1,1
HST2,2,2
RQC2,1,1
HAL1,1,1
ICL2,1,0
MIN8,1,1
CMR3,3,3
EAF3,2,1
APL4,1,1
YPR063C,1,1
LTP1,1,1
TMH18,0,1
RPC40,1,0
SUE1,1,1
TPO3,1,1
SFT2,1,1
RPL32,1,1
KTI11,1,1
AST1,1,1
KIP1,1,0
TOD6,2,1
ECM13,1,1
PRE7,1,1
YBL029W,1,1
RPL19B,2,1
ACH1,1,1
PDR3,2,0
HTB2,1,1
UGA2,1,1
YBR016W,1,1
RKM3,2,2
YRO2,2,2
ECM33,1,1
TEC1,2,2
AAC3,1,1
RAD16,1,1
TEF2,1,1
MEO1,1,1
ADH5,2,2
AMN1,1,1
YSY6,1,1
EXO5,1,1
YPC1,1,1
RPL21A,1,1
COS111,2,2
COQ21,1,1
VBA2,1,1
MAL33,1,1
SRO77,1,1
RTG3,1,1
ROX3,1,1
AAR2,1,1
RPS8A,1,1
PRX1,1,0
YBL055C,2,1
COR1,1,1
FUI1,1,1
PET9,1,1
YBL029C-A,2,2
YBL028C,2,1
SLA1,1,0
LDB7,2,0
HTA2,1,1
MNN2,1,1
CHS3,1,0
CDS1,2,2
REB1,1,1
REG2,1,1
RFS1,1,1
NRG2,2,2
TIP1,2,2
BAP2,1,1
SLM4,1,1
SPT7,1,0
RPL19A,1,1
YBR085C-A,1,1
NHP6B,1,0
TIM12,1,0
CYC8,1,1
TKL2,1,1
TPS1,1,1
SUP45,1,1
TOS1,1,1
EHT1,1,1
RPS6B,1,1
PGI1,1,1
PYC2,1,1
PDB1,1,1
PCS60,1,1
OM14,1,1
YBR238C,1,1
THI2,1,1
RGD1,1,1
TAE1,1,1
PHO89,2,2
PGS1,1,0
RER1,0,1
SAT4,1,1
PGK1,1,1
BPH1,1,1
ELO2,1,1
TAH1,1,2
YCR061W,1,1
BUD31,0,1
CPR4,1,0
HIS4,2,2
GBP2,1,0
SGF29,1,0
YCL002C,0,1
CIT2,2,2
YCR006C,2,2
ADY2,1,1
ADP1,1,1
PMP1,2,1
RPS14A,1,1
YCR043C,1,0
PWP2,1,1
YIH1,1,2
YCR101C,1,1
MPH2,1,1
RPL35A,1,0
INH1,1,1
YDL180W,1,1
PAR32,2,1
BPL1,1,0
RGT2,1,1
RPL35B,2,2
LYS21,2,1
YDL124W,1,1
NSE4,1,1
PMT5,1,1
SRP14,1,1
RPL31A,1,1
USO1,1,0
SIT4,3,2
GPD1,2,2
GRX6,1,1
TRP1,1,1
GAL3,1,1
SNQ2,2,2
RSM10,2,2
HEM13,1,1
HEM12,2,1
SNF11,2,2
RAD55,1,0
SED1,2,2
GIS1,1,1
COX26,0,1
YDR124W,1,1
ARO1,1,0
EKI1,2,2
RPA14,1,1
HSP42,1,1
HMO1,1,0
CCT6,1,1
EBS1,1,1
MSS4,2,2
UPC2,1,1
ADR1,3,3
CRF1,1,1
HTA1,1,1
HEM1,0,1
TRS23,1,1
VHS1,1,1
GLO2,1,1
BSC2,1,1
RNH202,1,1
SUR2,1,1
BFR2,1,1
CFT1,0,1
SSF2,1,1
TRR1,1,1
TRP4,1,1
EFT2,2,2
SAC7,1,1
PDR15,1,1
RPL12B,0,1
RAD30,1,0
GPI19,1,0
RPS18A,1,1
PPN1,1,1
MRPL28,1,1
STP1,1,1
SNF1,1,1
KRE2,1,0
LCD1,1,1
SMT3,2,2
SDH7,2,2
GRX2,1,1
FPR2,1,1
SNA2,1,1
RBA50,1,1
HLR1,0,1
GDH2,1,0
DLD1,2,1
CRD1,1,0
SCM3,1,1
CDC48,1,1
HNT1,2,2
PHO2,1,1
QRI7,1,1
THI3,1,1
MRK1,1,1
RAD59,1,0
PSA1,1,1
KNH1,3,3
STP4,2,2
BSC1,1,1
RTK1,1,1
YDL012C,1,1
SOK1,1,1
PST2,1,1
LYS14,1,1
NRG1,1,1
RPC11,1,1
BAP3,2,1
TPI1,1,1
TGL2,1,0
UBC5,1,0
IPT1,2,2
ALT2,1,1
INO2,1,1
SAC6,1,1
SWI5,2,2
CPR1,1,1
STB3,1,2
ARG82,1,0
SND1,1,1
UME6,3,3
HTB1,1,1
COX20,0,1
HSP78,1,1
YAP6,1,1
SWM1,1,1
PMP3,2,2
ATP5,1,1
PRO1,0,1
GIC2,3,2
HXT6,3,3
SDH6,1,1
ATO3,2,2
APT2,1,1
UTP6,1,1
YHP1,1,1
CMI8,1,1
YDR476C,1,1
PHO8,1,0
CWC21,1,0
RIB3,1,1
ITR1,5,5
SEC20,1,1
SAM2,3,2
LPP1,1,1
PSP1,1,1
GNP1,2,2
EMI1,1,1
YDR524C-B,1,1
YDR541C,1,0
IES6,1,1
UTR2,1,1
HYP2,1,1
MCM3,1,1
TIM9,2,2
GTT3,1,1
MNN1,2,2
TIR1,1,0
ISC1,4,1
GPA2,1,1
PRO3,1,1
YAT2,1,1
GCD11,1,0
YER034W,3,3
EDC2,3,3
PHM8,0,1
MXR1,0,1
THO1,1,1
"ARG5,6",1,1
VTC1,1,1
ALD5,1,1
YER079W,0,1
IES5,2,2
RAD51,1,0
RPS8B,1,0
RPL23B,1,1
VFA1,1,1
SAK1,1,1
RPS26B,1,1
LSM5,3,2
OXA1,2,2
YEL073C,1,0
HXT13,1,1
PRB1,1,1
SOM1,1,1
RPL12A,1,0
GLY1,1,1
PMP2,1,1
AFG3,2,1
SPC25,4,1
SBH2,2,1
CHO1,1,1
ARB1,0,1
SAH1,1,1
ERG28,1,1
HOM3,1,0
YER053C-A,1,1
GIP2,0,1
HIS1,1,1
FCY2,1,1
GPP2,1,1
VHR2,1,1
PTP3,1,0
ICP55,0,1
SBH1,0,1
DOT6,1,1
MET6,2,2
PUP3,1,0
AST2,1,0
SLX8,1,1
COM2,1,1
YER137C,2,2
FTR1,2,1
YER152C,2,2
PET122,2,2
YER158C,3,3
BUR6,2,2
SLO1,1,1
STE2,1,0
BUD27,1,1
GAT1,1,1
HSP12,1,1
LOC1,0,1
NIC96,0,1
CDC26,0,1
ACT1,1,0
YPT1,1,0
GYP8,1,0
EPL1,1,1
FRS2,1,1
MDJ1,1,1
GSY1,1,1
IGD1,1,1
RPL2A,2,2
QCR6,1,1
PHO4,1,2
HXK1,1,1
ZRT1,2,2
HXK2,1,0
TAD1,1,1
"ADE5,7",1,1
SHE10,0,1
COX13,1,0
ATG1,1,1
SUT1,1,1
PEX14,1,1
SCS3,2,2
MET13,4,4
RPS2,2,2
CDC20,1,1
SNF4,1,1
LCL3,0,1
AFT1,1,1
PYC1,2,2
OLE1,3,3
RIM8,1,1
PMC1,1,1
GSC2,2,2
ORM1,1,0
KSS1,1,1
TAM41,1,1
SCM4,1,1
FMP48,3,3
MUP1,1,1
ERG25,1,1
CTT1,1,1
ASK10,0,1
YGR122W,1,1
YGR126W,1,1
FHN1,1,1
BTN2,1,0
SKN1,1,1
GPC1,2,2
CYS4,1,1
CHO2,2,2
YGR161W-C,1,1
PSD2,2,1
YCH1,2,1
ADE3,2,1
RPS0A,1,1
CCH1,1,0
YHB1,2,2
MPC3,1,1
ENO1,2,2
TNA1,1,1
YOR1,1,1
MAL13,1,1
MTO1,1,1
SAP4,0,1
STR3,1,1
RAD54,2,2
LYS5,1,1
RPL9A,1,1
SOH1,1,1
MON1,1,1
HNM1,1,1
SDS23,3,3
MIG1,1,2
SCW11,1,1
PMA1,1,1
COG7,1,1
YGR035C,1,1
ACB1,1,0
RME1,1,1
VHT1,0,1
YGR067C,2,2
PIL1,2,2
MEP1,1,1
PPT1,1,1
YGR130C,1,1
ECL1,1,1
RPL24B,2,2
CCM1,1,1
GTO1,1,1
RTS3,1,1
PUS6,1,0
LSO2,2,1
ERG1,1,1
ATF2,0,1
RNR4,1,1
CRH1,1,1
TDH3,1,1
FYV8,1,1
PCT1,2,1
GPI1,1,0
PHO81,2,1
KEL2,2,1
YAP1802,1,1
RIE1,1,1
RAD2,1,2
FOL2,1,0
HUA1,1,0
SCW4,2,2
PXR1,1,1
IMA1,1,1
YHL044W,0,1
MUP3,1,1
OSH7,1,1
STP2,2,2
RPL27A,2,0
YHR020W,1,0
YHR033W,2,2
NEL1,1,1
NCP1,1,0
FSH1,1,1
HTD2,1,1
PCL5,2,2
SAM35,1,1
GRE3,1,1
EPT1,1,1
ARO9,1,1
YHR140W,1,1
MPC2,1,1
SOL3,1,1
ENO2,1,1
FMO1,0,1
ROF1,1,1
STB5,1,1
OYE2,1,1
GND1,1,1
UTP9,1,1
MNL1,1,1
CBP2,1,1
GUT1,1,1
GOS1,1,1
NPR3,2,1
OPI1,1,1
TIM10,1,1
ERG11,1,1
SOD2,1,1
TDA3,2,0
ARG4,1,1
DED81,1,0
PIH1,1,1
GIC1,1,0
RPP1,1,0
HXT5,2,2
YCK1,1,1
SPS100,1,1
DCD1,1,0
YAP1801,1,1
PRP8,1,1
RPS4B,1,1
SET5,0,1
SUC2,2,2
RPL40A,1,0
POG1,2,1
QDR1,1,0
RHO3,1,1
VHR1,1,1
GPP1,2,2
MET30,3,2
ULP2,2,2
FAF1,1,1
RPL2B,1,1
SNL1,1,0
BAR1,1,0
TIR3,3,2
FAA3,1,1
CFD1,0,1
CMI7,0,1
YAP5,1,1
MGA2,1,0
MLP2,1,0
RPL16A,1,1
CSM2,1,1
RPI1,2,2
SLM1,1,0
XBP1,2,2
RSM25,1,0
SER33,1,0
RGI2,1,1
YIL055C,2,2
RPL34B,1,1
MMF1,1,1
SYG1,3,2
NOT3,1,0
BCY1,2,2
HIS6,1,1
PDR11,3,2
MET28,1,1
DAL3,1,0
LYS1,0,1
YIR042C,1,1
